Beauhurst URL,Company name,Grants - Number of grants received by the company,Grants - Total amount received by the company through grants (GBP),Grants - Amount received by the company in its latest grant (GBP),Grants - Date of the company's latest grant,Grants - Date of the company's earliest grant,Fundraisings - Number of fundraisings completed by the company,Fundraisings - Total amount received by the company through fundraisings (GBP),Fundraisings - Amount received by the company in its latest fundraising (GBP),Fundraisings - Date of the company's latest fundraising,Fundraisings - Date of the company's earliest fundraising
https://platform.beauhurst.com/company/udkh49/,Prior Scientific,5,225290,10919,2024-05-01,2011-11-01,0,,,,
https://platform.beauhurst.com/company/8292vq/,PMD Group,0,,,,,0,,,,
https://platform.beauhurst.com/company/00598957/,Nolato Jaycare Limited,0,,,,,,,,,
https://platform.beauhurst.com/company/00646908/,Vinci UK Developments Limited,0,,,,,,,,,
https://platform.beauhurst.com/company/00674932/,DAWN Developments Limited,0,,,,,,,,,
https://platform.beauhurst.com/company/f22fzj/,ALS Civil Engineers,0,,,,,0,,,,
https://platform.beauhurst.com/company/6y6uwf/,Ericsson,4,4537800,(no value),2013-01-01,2006-01-01,,,,,
https://platform.beauhurst.com/company/qcekv7/,Stanford Components,0,,,,,0,,,,
https://platform.beauhurst.com/company/00968536/,SGA Technologies Limited,0,,,,,,,,,
https://platform.beauhurst.com/company/00983211/,Constant Group Ltd,0,,,,,,,,,
https://platform.beauhurst.com/company/00991704/,Informa Telecoms & Media Limited,0,,,,,,,,,
https://platform.beauhurst.com/company/01018478/,Sitelink Communications Limited,0,,,,,,,,,
https://platform.beauhurst.com/company/01118976/,Nec (UK) Ltd.,0,,,,,,,,,
https://platform.beauhurst.com/company/01154019/,Electro Rent UK Limited,0,,,,,,,,,
https://platform.beauhurst.com/company/01164271/,Swann Engineering Group Ltd.,0,,,,,,,,,
https://platform.beauhurst.com/company/01215741/,World Nuclear Association,0,,,,,,,,,
https://platform.beauhurst.com/company/01221157/,Sigma Connected Ltd,0,,,,,,,,,
https://platform.beauhurst.com/company/01241271/,Sudiar Limited,0,,,,,,,,,
https://platform.beauhurst.com/company/dze8ef/,AVR Group,0,,,,,1,2000000.0,2000000.0,2020-01-09,2020-01-09
https://platform.beauhurst.com/company/01319183/,The Young Foundation,0,,,,,,,,,
https://platform.beauhurst.com/company/01342366/,Viking Pump Hygienic Ltd.,0,,,,,,,,,
https://platform.beauhurst.com/company/01385053/,The Aldingbourne Trust,0,,,,,,,,,
https://platform.beauhurst.com/company/dpxhbe/,Smartnumbers,0,,,,,0,,,,
https://platform.beauhurst.com/company/rnc7zu/,PB Design and Developments,2,(no value),(no value),2017-06-01,2013-06-01,,,,,
https://platform.beauhurst.com/company/tefqb7/,Intergraph,1,99800,99800,2020-06-01,2020-06-01,,,,,
https://platform.beauhurst.com/company/cwa9fc/,Vodafone Limited,1,889978,889978,2018-03-01,2018-03-01,,,,,
https://platform.beauhurst.com/company/01506399/,Bring Energy Limited,0,,,,,,,,,
https://platform.beauhurst.com/company/2rheuc/,Lymington Precision Engineers,0,,,,,0,,,,
https://platform.beauhurst.com/company/ef6a3n/,Radius Systems,4,105410,(no value),2024-02-01,2019-03-01,0,,,,
https://platform.beauhurst.com/company/01737893/,RMC Emea Limited,0,,,,,,,,,
https://platform.beauhurst.com/company/01741966/,Ninehundred Communications Group Limited,0,,,,,,,,,
https://platform.beauhurst.com/company/01750343/,Alcatel Submarine Networks UK Ltd,0,,,,,,,,,
https://platform.beauhurst.com/company/ti7dmh/,Avoira,1,(no value),(no value),2013-03-01,2013-03-01,0,,,,
https://platform.beauhurst.com/company/01782527/,Centenary Holdings Limited,0,,,,,,,,,
https://platform.beauhurst.com/company/df2q76/,Vodafone,9,325129,(no value),2025-12-08,2005-10-01,0,,,,
https://platform.beauhurst.com/company/pqqs9a/,sw comms,0,,,,,0,,,,
https://platform.beauhurst.com/company/01882074/,Telewest Communications (Midlands) Limited,0,,,,,,,,,
https://platform.beauhurst.com/company/agggnd/,Surrey Satellite Technology,26,16163588,(no value),2025-09-30,2010-10-01,0,,,,
https://platform.beauhurst.com/company/02086232/,Cinch Connectivity Solutions Limited,0,,,,,,,,,
https://platform.beauhurst.com/company/s2eqzw/,Tangent International,0,,,,,0,,,,
https://platform.beauhurst.com/company/02147472/,Shepton Holdings Limited,0,,,,,,,,,
https://platform.beauhurst.com/company/02175146/,St Giles Trust,0,,,,,,,,,
https://platform.beauhurst.com/company/3pqq5e/,Smith Myers,1,624500,624500,2020-06-23,2020-06-23,0,,,,
https://platform.beauhurst.com/company/qqf9rm/,Condor Office Solutions,0,,,,,0,,,,
https://platform.beauhurst.com/company/02216369/,BT Limited,0,,,,,,,,,
https://platform.beauhurst.com/company/02237808/,Fujikura Europe Limited,0,,,,,,,,,
https://platform.beauhurst.com/company/02266684/,Orange Brand Services Limited,0,,,,,,,,,
https://platform.beauhurst.com/company/02319127/,Global Invacom Limited,0,,,,,,,,,
https://platform.beauhurst.com/company/02343487/,Avtex Limited,0,,,,,,,,,
https://platform.beauhurst.com/company/3adc7d/,Servicom,0,,,,,0,,,,
https://platform.beauhurst.com/company/5smy3i/,Comms Centre,0,,,,,0,,,,
https://platform.beauhurst.com/company/02386327/,National Grid Telecoms Limited,0,,,,,,,,,
https://platform.beauhurst.com/company/02444091/,Hosiden Besson Limited,0,,,,,,,,,
https://platform.beauhurst.com/company/02469394/,Swiftnet Limited,0,,,,,,,,,
https://platform.beauhurst.com/company/02473216/,Milexia UK Ltd.,0,,,,,,,,,
https://platform.beauhurst.com/company/mdj83i/,Hermes Datacommunications International,0,,,,,0,,,,
https://platform.beauhurst.com/company/02487597/,Arqiva Limited,0,,,,,,,,,
https://platform.beauhurst.com/company/y6btye/,ADSI,0,,,,,0,,,,
https://platform.beauhurst.com/company/eabcp7/,Odyssey Systems,0,,,,,4,85354.5,34062.0,2022-12-23,2012-05-10
https://platform.beauhurst.com/company/02538669/,Netcracker Technology Solutions Limited,0,,,,,,,,,
https://platform.beauhurst.com/company/9v3s7s/,X-on,1,154037,154037,2020-10-01,2020-10-01,0,,,,
https://platform.beauhurst.com/company/02587657/,Heyrod Communications Limited,0,,,,,,,,,
https://platform.beauhurst.com/company/02645841/,Value Realisations Limited,0,,,,,,,,,
https://platform.beauhurst.com/company/kbgyyq/,MLL Telecom,0,,,,,1,930323.98,930323.98,2014-05-06,2014-05-06
https://platform.beauhurst.com/company/02660615/,Actix Limited,0,,,,,,,,,
https://platform.beauhurst.com/company/02692859/,Mahle Letrika UK Ltd,0,,,,,,,,,
https://platform.beauhurst.com/company/02709677/,DB Broadcast Ltd,0,,,,,,,,,
https://platform.beauhurst.com/company/02776038/,Verizon UK Limited,0,,,,,,,,,
https://platform.beauhurst.com/company/6ke9k5/,Active Sensors,1,22216,22216,2017-09-01,2017-09-01,,,,,
https://platform.beauhurst.com/company/er22w3/,Chess,0,,,,,2,70017920.0,70000000.0,2018-07-13,2010-04-26
https://platform.beauhurst.com/company/02805380/,Gai Communications Limited,0,,,,,,,,,
https://platform.beauhurst.com/company/8rxxbs/,Hughes Electronics,1,19900,19900,2009-09-01,2009-09-01,,,,,
https://platform.beauhurst.com/company/02832014/,Nec Europe Ltd,0,,,,,,,,,
https://platform.beauhurst.com/company/02836322/,Harlequin Group Limited,0,,,,,,,,,
https://platform.beauhurst.com/company/02843818/,Positive Solutions Limited,0,,,,,,,,,
https://platform.beauhurst.com/company/02872186/,The Edmund Trust,0,,,,,,,,,
https://platform.beauhurst.com/company/inmtp9/,Alternative Networks,0,,,,,0,,,,
https://platform.beauhurst.com/company/54wrki/,Filtronic,11,3279812,1200000,2025-12-04,2006-05-01,0,,,,
https://platform.beauhurst.com/company/02893478/,Teligent Limited,0,,,,,,,,,
https://platform.beauhurst.com/company/02903063/,Lab M Limited,0,,,,,,,,,
https://platform.beauhurst.com/company/np43xb/,Uniworld Communications,0,,,,,0,,,,
https://platform.beauhurst.com/company/03027453/,Project People Limited,0,,,,,,,,,
https://platform.beauhurst.com/company/zdhn4p/,MDSL,0,,,,,0,,,,
https://platform.beauhurst.com/company/03085506/,Amdocs (UK) Limited,0,,,,,,,,,
https://platform.beauhurst.com/company/03087255/,Datum Electronics Ltd,0,,,,,,,,,
https://platform.beauhurst.com/company/ci3pmz/,Highlander UK,1,(no value),(no value),2020-01-01,2020-01-01,0,,,,
https://platform.beauhurst.com/company/03166149/,Sumitomo Electric Europe Limited,0,,,,,,,,,
https://platform.beauhurst.com/company/fznhvg/,Tioga,6,757660,128976,2023-01-01,2012-03-01,1,(no value),(no value),2020-05-19,2020-05-19
https://platform.beauhurst.com/company/03176368/,Tesco International Services Limited,0,,,,,,,,,
https://platform.beauhurst.com/company/03186250/,Radisys UK Limited,0,,,,,,,,,
https://platform.beauhurst.com/company/9i27jd/,Nycomm,0,,,,,0,,,,
https://platform.beauhurst.com/company/03209155/,Commhoist Limited,0,,,,,,,,,
https://platform.beauhurst.com/company/03223042/,Nordam Europe Limited,0,,,,,,,,,
https://platform.beauhurst.com/company/03226966/,Berjaya Vacation CLUB (UK) Limited,0,,,,,,,,,
https://platform.beauhurst.com/company/b9q6nj/,Millgate,0,,,,,0,,,,
https://platform.beauhurst.com/company/zpp4fh/,Telecom Plus,0,,,,,0,,,,
https://platform.beauhurst.com/company/h5u2y7/,Alphasense,8,718915,(no value),2019-06-01,2007-10-01,0,,,,
https://platform.beauhurst.com/company/mfbhfs/,Techsol,0,,,,,0,,,,
https://platform.beauhurst.com/company/fajkhj/,Kelly Group,0,,,,,0,,,,
https://platform.beauhurst.com/company/4fi54i/,Dawson Dynamic,0,,,,,0,,,,
https://platform.beauhurst.com/company/03320100/,Mecc Alte (UK) Limited,0,,,,,,,,,
https://platform.beauhurst.com/company/03368473/,Wingnut Utilities Limited,0,,,,,,,,,
https://platform.beauhurst.com/company/nrw9bd/,Midland Communications,0,,,,,0,,,,
https://platform.beauhurst.com/company/03416736/,E D S Consultancy Limited,0,,,,,,,,,
https://platform.beauhurst.com/company/g82dcy/,Paradigm,1,277168,277168,2021-09-01,2021-09-01,0,,,,
https://platform.beauhurst.com/company/abiwv4/,5G Communications,0,,,,,0,,,,
https://platform.beauhurst.com/company/b2499t/,Penta Consulting,0,,,,,0,,,,
https://platform.beauhurst.com/company/03570204/,Sunrise Medical Limited,0,,,,,,,,,
https://platform.beauhurst.com/company/03576847/,Telecoms World Limited,0,,,,,,,,,
https://platform.beauhurst.com/company/qahx2i/,Cellular Systems,0,,,,,0,,,,
https://platform.beauhurst.com/company/03615345/,Inreach Group Limited,0,,,,,,,,,
https://platform.beauhurst.com/company/03634112/,Lexington Communications Limited,0,,,,,,,,,
https://platform.beauhurst.com/company/6pjema/,Sabio,0,,,,,1,64000.0,64000.0,2018-03-29,2018-03-29
https://platform.beauhurst.com/company/e4cfj3/,Nottingham Scientific,35,6941285,52270,2025-04-01,2008-05-01,0,,,,
https://platform.beauhurst.com/company/x234v7/,Waldon Telecom,0,,,,,0,,,,
https://platform.beauhurst.com/company/03675885/,Inmarsat Global Limited,0,,,,,,,,,
https://platform.beauhurst.com/company/k34pv7/,GRC,0,,,,,1,50732.64,50732.64,2019-08-19,2019-08-19
https://platform.beauhurst.com/company/ksksi9/,Eurolink Connect,1,5000,5000,2016-02-01,2016-02-01,,,,,
https://platform.beauhurst.com/company/qimqhc/,Comex 2000,0,,,,,0,,,,
https://platform.beauhurst.com/company/03725732/,Supply Desk Limited,0,,,,,,,,,
https://platform.beauhurst.com/company/iwr5mp/,Comxo,1,5000,5000,2016-02-01,2016-02-01,0,,,,
https://platform.beauhurst.com/company/03741160/,Sovini Construction Limited,0,,,,,,,,,
https://platform.beauhurst.com/company/03745080/,Livewire Telecom Limited,0,,,,,,,,,
https://platform.beauhurst.com/company/03748320/,Provu Communications Ltd,0,,,,,,,,,
https://platform.beauhurst.com/company/u4bagn/,Connor Solutions,0,,,,,1,500000.0,500000.0,2011-06-02,2011-06-02
https://platform.beauhurst.com/company/46jbur/,Windsor Telecom,0,,,,,1,(no value),(no value),2020-07-27,2020-07-27
https://platform.beauhurst.com/company/hr8df8/,Circle IT,1,300000,300000,2014-02-20,2014-02-20,0,,,,
https://platform.beauhurst.com/company/4fsfyr/,Cellular Solutions,0,,,,,0,,,,
https://platform.beauhurst.com/company/03843488/,SCG Cloud Limited,0,,,,,,,,,
https://platform.beauhurst.com/company/03849133/,Talktalk Communications Limited,0,,,,,,,,,
https://platform.beauhurst.com/company/03849601/,Cerillion Technologies Limited,0,,,,,,,,,
https://platform.beauhurst.com/company/03852801/,Intellectual Capital Resources Limited,0,,,,,,,,,
https://platform.beauhurst.com/company/03875607/,Noble Systems UK Limited,0,,,,,,,,,
https://platform.beauhurst.com/company/03879526/,Nsslglobal Limited,0,,,,,,,,,
https://platform.beauhurst.com/company/zpb9qm/,Modern Networks,0,,,,,0,,,,
https://platform.beauhurst.com/company/wtzen8/,Three,0,,,,,0,,,,
https://platform.beauhurst.com/company/aruh2g/,Horizon Technologies,4,1700204,1200000,2023-10-19,2019-03-01,1,2500160.0,2500160.0,2021-05-19,2021-05-19
https://platform.beauhurst.com/company/03900365/,PCCW Global (UK) Limited,0,,,,,,,,,
https://platform.beauhurst.com/company/03910684/,G.K. Telecom (UK) Limited,0,,,,,,,,,
https://platform.beauhurst.com/company/03919664/,Wavenet Limited,0,,,,,,,,,
https://platform.beauhurst.com/company/pc7uyp/,Unitape,0,,,,,1,85133.3,85133.3,2017-08-30,2017-08-30
https://platform.beauhurst.com/company/03923391/,Genesis Technology Services Limited,0,,,,,,,,,
https://platform.beauhurst.com/company/wzk4he/,Syntura,0,,,,,2,103418.25,53130.75,2014-10-13,2013-07-08
https://platform.beauhurst.com/company/03937577/,Triumph Consultants Limited,0,,,,,,,,,
https://platform.beauhurst.com/company/8bm8cw/,Nextonline,0,,,,,0,,,,
https://platform.beauhurst.com/company/x65fd9/,QXTEL,0,,,,,0,,,,
https://platform.beauhurst.com/company/04006417/,"Warner Estate, Limited",0,,,,,,,,,
https://platform.beauhurst.com/company/04010795/,Marston's Telecoms Limited,0,,,,,,,,,
https://platform.beauhurst.com/company/04016287/,Aet UK Limited,0,,,,,,,,,
https://platform.beauhurst.com/company/vv5vc6/,Polatis,1,333193,333193,2023-01-01,2023-01-01,,,,,
https://platform.beauhurst.com/company/04041057/,Samitel Limited,0,,,,,,,,,
https://platform.beauhurst.com/company/4gc2kk/,Premier Choice Telecom,0,,,,,0,,,,
https://platform.beauhurst.com/company/04052436/,Plus Telecom Limited,0,,,,,,,,,
https://platform.beauhurst.com/company/pdcsu5/,Eurosat,0,,,,,0,,,,
https://platform.beauhurst.com/company/04068222/,Ctdi Milton Keynes Ltd,0,,,,,,,,,
https://platform.beauhurst.com/company/04078547/,Wavemaker Limited,0,,,,,,,,,
https://platform.beauhurst.com/company/04080726/,Bentley Telecom Limited,0,,,,,,,,,
https://platform.beauhurst.com/company/7c2qph/,Hive Telecom,0,,,,,0,,,,
https://platform.beauhurst.com/company/6cp8jn/,FLR Spectron,0,,,,,0,,,,
https://platform.beauhurst.com/company/etzj4q/,Taylor Made Computer Solutions,0,,,,,0,,,,
https://platform.beauhurst.com/company/yzpn5t/,CASS Worldwide,0,,,,,0,,,,
https://platform.beauhurst.com/company/04141076/,3V International Limited,0,,,,,,,,,
https://platform.beauhurst.com/company/04145329/,Daisy Communications Ltd.,0,,,,,,,,,
https://platform.beauhurst.com/company/04156002/,Sellick Partnership Limited,0,,,,,,,,,
https://platform.beauhurst.com/company/5sa4wc/,Beacon Comms,0,,,,,0,,,,
https://platform.beauhurst.com/company/qz8kxa/,BT,68,27828251,128000,2025-10-01,2005-12-01,1,1000000000.0,1000000000.0,2015-02-12,2015-02-12
https://platform.beauhurst.com/company/04190929/,Subex (UK) Limited,0,,,,,,,,,
https://platform.beauhurst.com/company/ibe5uq/,Intouch Advance,0,,,,,0,,,,
https://platform.beauhurst.com/company/04229171/,Gateway Global Communications Limited,0,,,,,,,,,
https://platform.beauhurst.com/company/t323ch/,Frequency,0,,,,,0,,,,
https://platform.beauhurst.com/company/eemv88/,Excelerate,4,6161493,(no value),2025-11-20,2021-04-01,1,(no value),(no value),2020-07-14,2020-07-14
https://platform.beauhurst.com/company/04269030/,Northamptonshire Community Foundation,0,,,,,,,,,
https://platform.beauhurst.com/company/04313792/,Sol Electronics Limited,0,,,,,,,,,
https://platform.beauhurst.com/company/nv3yf6/,iDirect,1,(no value),(no value),2017-07-01,2017-07-01,,,,,
https://platform.beauhurst.com/company/04346309/,The Monarch Partnership Ltd,0,,,,,,,,,
https://platform.beauhurst.com/company/pxy5je/,Orbital,0,,,,,1,(no value),(no value),2021-06-07,2021-06-07
https://platform.beauhurst.com/company/04391276/,Ask (GB) Limited,0,,,,,,,,,
https://platform.beauhurst.com/company/qwkgvy/,Liquid11,2,40000,35000,2020-03-25,2016-02-01,0,,,,
https://platform.beauhurst.com/company/427w4q/,Camps International,0,,,,,3,172500.0,52500.0,2017-04-28,2011-11-30
https://platform.beauhurst.com/company/fgx2jc/,Linbrooke,0,,,,,0,,,,
https://platform.beauhurst.com/company/04489059/,Hello Telecom (UK) Limited,0,,,,,,,,,
https://platform.beauhurst.com/company/04489482/,Nowtel (UK) Limited,0,,,,,,,,,
https://platform.beauhurst.com/company/x8x47k/,Exponential-e,0,,,,,1,100000.0,100000.0,2022-03-03,2022-03-03
https://platform.beauhurst.com/company/04505538/,Epsilon Telecommunications Limited,0,,,,,,,,,
https://platform.beauhurst.com/company/q3nxgs/,Spectra Group,0,,,,,0,,,,
https://platform.beauhurst.com/company/bv3fun/,Chandler Communications,0,,,,,0,,,,
https://platform.beauhurst.com/company/278b75/,Telappliant,0,,,,,0,,,,
https://platform.beauhurst.com/company/04645331/,Circet (UK) Limited,0,,,,,,,,,
https://platform.beauhurst.com/company/04658340/,Rmsi Limited,0,,,,,,,,,
https://platform.beauhurst.com/company/9yypvh/,Positive Healthcare,0,,,,,0,,,,
https://platform.beauhurst.com/company/3xbqd6/,ETL Systems,1,690000,690000,2024-07-22,2024-07-22,1,157943.0,157943.0,2020-01-29,2020-01-29
https://platform.beauhurst.com/company/ch99dy/,AdEPT Telecom,0,,,,,0,,,,
https://platform.beauhurst.com/company/9zsb29/,Capital City Service,0,,,,,0,,,,
https://platform.beauhurst.com/company/04743770/,Communicate Better Limited,0,,,,,,,,,
https://platform.beauhurst.com/company/ubmjmz/,Unify Business Solutions,0,,,,,0,,,,
https://platform.beauhurst.com/company/tsfmp5/,Nomis Connections,0,,,,,0,,,,
https://platform.beauhurst.com/company/cgd9rp/,Focus Group,0,,,,,1,(no value),(no value),2024-10-14,2024-10-14
https://platform.beauhurst.com/company/kdrtmw/,Glamorgan Telecom,0,,,,,1,249912.0,249912.0,2017-05-12,2017-05-12
https://platform.beauhurst.com/company/yk8ub8/,ICW Powermode,0,,,,,0,,,,
https://platform.beauhurst.com/company/qafh42/,Speedboard Assembly Services,0,,,,,0,,,,
https://platform.beauhurst.com/company/s29hp9/,Inmarsat Global,8,1632321,881000,2025-11-21,2006-04-01,0,,,,
https://platform.beauhurst.com/company/dktk4t/,Magellan Aerospace,1,153261,153261,2014-07-01,2014-07-01,,,,,
https://platform.beauhurst.com/company/04925679/,General Cable Limited,0,,,,,,,,,
https://platform.beauhurst.com/company/04948479/,Seriun Limited,0,,,,,,,,,
https://platform.beauhurst.com/company/5xjk2q/,MPI,0,,,,,0,,,,
https://platform.beauhurst.com/company/w2yrf7/,Premier People Recruitment,0,,,,,0,,,,
https://platform.beauhurst.com/company/nzi7mk/,Lyca Group,0,,,,,0,,,,
https://platform.beauhurst.com/company/2ps6ct/,First Point Group,0,,,,,0,,,,
https://platform.beauhurst.com/company/qvdhy4/,Lynx UK,0,,,,,1,35473.41,35473.41,2022-11-16,2022-11-16
https://platform.beauhurst.com/company/mvnpj4/,LA Micro Group,0,,,,,0,,,,
https://platform.beauhurst.com/company/05128090/,Rakon UK Limited,0,,,,,,,,,
https://platform.beauhurst.com/company/05156769/,Man Bites Dog Limited,0,,,,,,,,,
https://platform.beauhurst.com/company/7b4z3y/,Intelligent Positioning,0,,,,,7,5342058.26,948979.44,2020-07-03,2013-06-06
https://platform.beauhurst.com/company/05221840/,Easylife Limited,0,,,,,,,,,
https://platform.beauhurst.com/company/xzn2p3/,ICS Group,0,,,,,0,,,,
https://platform.beauhurst.com/company/n8d8df/,Network Telecom,0,,,,,0,,,,
https://platform.beauhurst.com/company/pvxvjb/,Falco Construction,0,,,,,0,,,,
https://platform.beauhurst.com/company/s6vrej/,Telefonica Europe,6,329420,40000,2011-02-01,2008-04-01,,,,,
https://platform.beauhurst.com/company/05322680/,Hughes Network Systems Limited,0,,,,,,,,,
https://platform.beauhurst.com/company/dnvmzb/,Core Telecom,0,,,,,0,,,,
https://platform.beauhurst.com/company/05375809/,The Alcohol and DRUG Service,0,,,,,,,,,
https://platform.beauhurst.com/company/i2mp8h/,Magdalene,1,4926,4926,2008-06-01,2008-06-01,0,,,,
https://platform.beauhurst.com/company/3z53yt/,VerdErg Connectors,2,839166,93862,2011-11-01,2008-08-01,,,,,
https://platform.beauhurst.com/company/gybgtf/,Mda Space And Robotics,2,65809,20809,2019-11-01,2017-08-01,0,,,,
https://platform.beauhurst.com/company/05495459/,Ncct Limited,0,,,,,,,,,
https://platform.beauhurst.com/company/6ghkd9/,GPS Telecom,0,,,,,0,,,,
https://platform.beauhurst.com/company/gufmet/,MEPC,1,21613,21613,2007-08-01,2007-08-01,,,,,
https://platform.beauhurst.com/company/05531709/,Borg5 Ltd,0,,,,,,,,,
https://platform.beauhurst.com/company/05540080/,SCCS Survey Equipment Limited,0,,,,,,,,,
https://platform.beauhurst.com/company/9wmghi/,Milestone Communications,0,,,,,0,,,,
https://platform.beauhurst.com/company/05549559/,Connect44 Ltd,0,,,,,,,,,
https://platform.beauhurst.com/company/khqyhx/,Corptel,0,,,,,0,,,,
https://platform.beauhurst.com/company/05567444/,Tripudio Limited,0,,,,,,,,,
https://platform.beauhurst.com/company/05650222/,Coral Communications Limited,0,,,,,,,,,
https://platform.beauhurst.com/company/05652020/,Santa FE Group Limited,0,,,,,,,,,
https://platform.beauhurst.com/company/mpwur5/,USL Group,0,,,,,0,,,,
https://platform.beauhurst.com/company/05728497/,China Telecom (Europe) Limited,0,,,,,,,,,
https://platform.beauhurst.com/company/mda5uv/,AWTG,4,574653,(no value),2026-04-01,2018-08-01,0,,,,
https://platform.beauhurst.com/company/rk372t/,Invosys,0,,,,,1,6300000.0,6300000.0,2019-09-10,2019-09-10
https://platform.beauhurst.com/company/qkp3rx/,Fonix Mobile,0,,,,,0,,,,
https://platform.beauhurst.com/company/05866060/,Ebpsource Limited,0,,,,,,,,,
https://platform.beauhurst.com/company/05881532/,Blueprint Design Engineering Limited,0,,,,,,,,,
https://platform.beauhurst.com/company/05899425/,Callan Connect Limited,0,,,,,,,,,
https://platform.beauhurst.com/company/05917314/,Bharti Airtel (UK) Limited,0,,,,,,,,,
https://platform.beauhurst.com/company/aysjpu/,Comtek,0,,,,,3,2000000.0,1000000.0,2020-12-21,2018-02-15
https://platform.beauhurst.com/company/nziamh/,FreshWave,0,,,,,0,,,,
https://platform.beauhurst.com/company/05980422/,"H.I.G. Europe, Ltd",0,,,,,,,,,
https://platform.beauhurst.com/company/4yz8zv/,OpenCloud,1,(no value),(no value),2011-08-17,2011-08-17,5,19854756.26,4500000.0,2013-10-24,2006-05-18
https://platform.beauhurst.com/company/k5h8et/,RETN,0,,,,,2,17631379.15,6631376.29,2018-07-11,2017-06-21
https://platform.beauhurst.com/company/pix4xh/,iSystems,0,,,,,0,,,,
https://platform.beauhurst.com/company/06147265/,Global Radiodata Communications Ltd.,0,,,,,,,,,
https://platform.beauhurst.com/company/j8i6eu/,PlatformX Communications,0,,,,,1,10000000.0,10000000.0,2016-12-21,2016-12-21
https://platform.beauhurst.com/company/m4ugp9/,Silver Lining,0,,,,,0,,,,
https://platform.beauhurst.com/company/06227812/,Tollgrade UK Limited,0,,,,,,,,,
https://platform.beauhurst.com/company/q9jkqw/,Positive Cashflow Finance,0,,,,,1,27000000.0,27000000.0,2007-12-05,2007-12-05
https://platform.beauhurst.com/company/8vpxsu/,DataKom,0,,,,,0,,,,
https://platform.beauhurst.com/company/bmuiw8/,Sitec Infrastructure Services,0,,,,,0,,,,
https://platform.beauhurst.com/company/vegcfu/,Metricell,0,,,,,0,,,,
https://platform.beauhurst.com/company/06433086/,Vision For Education Limited,0,,,,,,,,,
https://platform.beauhurst.com/company/06436327/,XLN Pay Limited,0,,,,,,,,,
https://platform.beauhurst.com/company/06472696/,4Com Network Services Limited,0,,,,,,,,,
https://platform.beauhurst.com/company/whm3zy/,4Com,0,,,,,0,,,,
https://platform.beauhurst.com/company/06494188/,Positive Group (UK) Limited,0,,,,,,,,,
https://platform.beauhurst.com/company/06499836/,Arc Partners (UK) Limited,0,,,,,,,,,
https://platform.beauhurst.com/company/06509171/,Optilan Group Limited,0,,,,,,,,,
https://platform.beauhurst.com/company/06510038/,DBN Services Ltd,0,,,,,,,,,
https://platform.beauhurst.com/company/06511368/,Professional Cost Management Group Limited,0,,,,,,,,,
https://platform.beauhurst.com/company/7rkm74/,Nine Group,0,,,,,1,9000000.0,9000000.0,2019-10-31,2019-10-31
https://platform.beauhurst.com/company/5weuj4/,Communicate Better,0,,,,,0,,,,
https://platform.beauhurst.com/company/06627101/,Ocean Signal Limited,0,,,,,,,,,
https://platform.beauhurst.com/company/kfssbc/,ARCC Communications,0,,,,,0,,,,
https://platform.beauhurst.com/company/06702949/,Watt Utilities Limited,0,,,,,,,,,
https://platform.beauhurst.com/company/h66fip/,Clarkson Evans,0,,,,,0,,,,
https://platform.beauhurst.com/company/ffvg9i/,Global Invacom,3,247739,62933,2017-09-01,2015-10-01,0,,,,
https://platform.beauhurst.com/company/06753811/,Kusuma Trust UK,0,,,,,,,,,
https://platform.beauhurst.com/company/mm3s6v/,Satellite Solutions Worldwide,0,,,,,0,,,,
https://platform.beauhurst.com/company/hewxaf/,Fidelity Group,0,,,,,1,20000.0,20000.0,2010-01-22,2010-01-22
https://platform.beauhurst.com/company/06834147/,M & P Doyle Properties Limited,0,,,,,,,,,
https://platform.beauhurst.com/company/y8f9ca/,Telesis,0,,,,,0,,,,
https://platform.beauhurst.com/company/06862824/,Lombard Street Research Financial Services Limited,0,,,,,,,,,
https://platform.beauhurst.com/company/ghsj6j/,TMT Finance,0,,,,,1,25000.0,25000.0,2013-06-13,2013-06-13
https://platform.beauhurst.com/company/06945690/,Bullitt Mobile Limited,0,,,,,,,,,
https://platform.beauhurst.com/company/06964110/,Gladwyne Investments (UK) Limited,0,,,,,,,,,
https://platform.beauhurst.com/company/06995233/,The Clare Foundation Ltd,0,,,,,,,,,
https://platform.beauhurst.com/company/g4jxbh/,Lily Comms,0,,,,,1,250002.0,250002.0,2016-09-30,2016-09-30
https://platform.beauhurst.com/company/fp2gac/,iTek Computer Solutions,0,,,,,0,,,,
https://platform.beauhurst.com/company/07072502/,Avanti Hylas 2 Limited,0,,,,,,,,,
https://platform.beauhurst.com/company/07085757/,Infobip Limited,0,,,,,,,,,
https://platform.beauhurst.com/company/07091807/,Origin Invest Limited,0,,,,,,,,,
https://platform.beauhurst.com/company/07105891/,Talktalk Telecom Group Limited,0,,,,,,,,,
https://platform.beauhurst.com/company/07127493/,Megson Utilities Limited,0,,,,,,,,,
https://platform.beauhurst.com/company/n6sv7p/,Cable & Wireless Communications,0,,,,,0,,,,
https://platform.beauhurst.com/company/07132865/,Sotus Telecom Ltd,0,,,,,,,,,
https://platform.beauhurst.com/company/07197490/,GP World Limited,0,,,,,,,,,
https://platform.beauhurst.com/company/z96jp4/,Highgate,0,,,,,0,,,,
https://platform.beauhurst.com/company/qnxdv9/,MMX Communications,0,,,,,0,,,,
https://platform.beauhurst.com/company/07349154/,Mapquest Limited,0,,,,,,,,,
https://platform.beauhurst.com/company/07370013/,8Point8 Support Limited,0,,,,,,,,,
https://platform.beauhurst.com/company/23dh3i/,Matrix Power,0,,,,,0,,,,
https://platform.beauhurst.com/company/07386462/,TSMUK Ltd,0,,,,,,,,,
https://platform.beauhurst.com/company/07407820/,HGC Global Communications (UK) Limited,0,,,,,,,,,
https://platform.beauhurst.com/company/5iwwh5/,Home Telecom,0,,,,,0,,,,
https://platform.beauhurst.com/company/07511665/,Amaro Group Ltd,0,,,,,,,,,
https://platform.beauhurst.com/company/47uqjm/,Clarke Telecom,0,,,,,0,,,,
https://platform.beauhurst.com/company/07563201/,M Group Telecom (Fixed Network Solutions) Limited,0,,,,,,,,,
https://platform.beauhurst.com/company/2m3nmp/,Vision,0,,,,,0,,,,
https://platform.beauhurst.com/company/him3xs/,Guidance Marine,0,,,,,0,,,,
https://platform.beauhurst.com/company/07645429/,China Mobile International (UK) Limited,0,,,,,,,,,
https://platform.beauhurst.com/company/dmbhii/,Advance Training & Recruitment Services,0,,,,,1,6028.6,6028.6,2016-07-29,2016-07-29
https://platform.beauhurst.com/company/07687158/,Zavarco PLC,0,,,,,,,,,
https://platform.beauhurst.com/company/07687679/,Aim 2 Learn Ltd,0,,,,,,,,,
https://platform.beauhurst.com/company/07703784/,The St Neots Learning Partnership,0,,,,,,,,,
https://platform.beauhurst.com/company/07710751/,Tab Battery UK Limited,0,,,,,,,,,
https://platform.beauhurst.com/company/an23sh/,Prime Global Communications,0,,,,,0,,,,
https://platform.beauhurst.com/company/07722775/,Rakuten Symphony UK Ltd,0,,,,,,,,,
https://platform.beauhurst.com/company/m5d5y9/,Prismatic,1,(no value),(no value),2020-01-01,2020-01-01,0,,,,
https://platform.beauhurst.com/company/07766837/,Feel Good Homes Ltd,0,,,,,,,,,
https://platform.beauhurst.com/company/sd3t6b/,Alan Dick Communications,0,,,,,0,,,,
https://platform.beauhurst.com/company/07853560/,Ap Wireless (UK) Limited,0,,,,,,,,,
https://platform.beauhurst.com/company/nmu5qq/,Communicate Technology,0,,,,,12,4621428.66,(no value),2025-03-18,2013-05-21
https://platform.beauhurst.com/company/07880625/,MGG Health Limited,0,,,,,,,,,
https://platform.beauhurst.com/company/jh38st/,MDS Global,0,,,,,0,,,,
https://platform.beauhurst.com/company/wzqkup/,Entanet,0,,,,,0,,,,
https://platform.beauhurst.com/company/07926608/,The Point At Polzeath Properties Limited,0,,,,,,,,,
https://platform.beauhurst.com/company/mvnpjg/,Digital Catapult,87,271371238,500000,2026-01-01,2013-01-01,0,,,,
https://platform.beauhurst.com/company/yvv8mn/,Satellite Applications Catapult,63,254817528,44167,2025-09-01,2012-12-01,0,,,,
https://platform.beauhurst.com/company/ddugav/,Tela,0,,,,,2,489992.06,239992.06,2013-10-17,2011-07-20
https://platform.beauhurst.com/company/xfg4b8/,Bank of Telecom,0,,,,,7,4584000.0,50000.0,2023-04-04,2013-02-28
https://platform.beauhurst.com/company/07997671/,Comarch UK Ltd,0,,,,,,,,,
https://platform.beauhurst.com/company/fwvz7v/,Verevo CCN,0,,,,,0,,,,
https://platform.beauhurst.com/company/w89zii/,"Matrixx Software, Europe",1,(no value),(no value),2019-01-01,2019-01-01,,,,,
https://platform.beauhurst.com/company/08079792/,Plantpot Limited,0,,,,,,,,,
https://platform.beauhurst.com/company/08118255/,British Cables Company Limited,0,,,,,,,,,
https://platform.beauhurst.com/company/a59kfn/,Onecom Group,0,,,,,1,100000000.0,100000000.0,2019-07-23,2019-07-23
https://platform.beauhurst.com/company/s8yxae/,4Sight Communications,0,,,,,0,,,,
https://platform.beauhurst.com/company/t7czva/,Oxford Technical Solutions,1,15064,15064,2016-05-01,2016-05-01,0,,,,
https://platform.beauhurst.com/company/un9rw8/,Broadband Satellite Services,0,,,,,3,8780088.42,(no value),2023-05-02,2015-07-08
https://platform.beauhurst.com/company/08243718/,Cambridge Innovation Capital Limited,0,,,,,,,,,
https://platform.beauhurst.com/company/08249178/,Eurocraft Technologies Limited,0,,,,,,,,,
https://platform.beauhurst.com/company/08260702/,Radius Limited,0,,,,,,,,,
https://platform.beauhurst.com/company/08379990/,Liberty Global Holdings Limited,0,,,,,,,,,
https://platform.beauhurst.com/company/hw3qc3/,Redcentric,0,,,,,0,,,,
https://platform.beauhurst.com/company/08397690/,Glenevin Ltd,0,,,,,,,,,
https://platform.beauhurst.com/company/5y4kw5/,Channel Telecom,0,,,,,0,,,,
https://platform.beauhurst.com/company/9cskhf/,Exceptional Care,0,,,,,0,,,,
https://platform.beauhurst.com/company/iizeqg/,EC Outsourcing,0,,,,,0,,,,
https://platform.beauhurst.com/company/08485564/,YO Telecom Limited,0,,,,,,,,,
https://platform.beauhurst.com/company/08645140/,Scope Telecom Limited,0,,,,,,,,,
https://platform.beauhurst.com/company/r4ncc2/,Thales Alenia Space,3,172271,172271,2023-01-01,2019-11-01,,,,,
https://platform.beauhurst.com/company/skai59/,Networkology,0,,,,,1,102725.0,102725.0,2024-10-25,2024-10-25
https://platform.beauhurst.com/company/puqi74/,Oxford Space Systems,11,3396276,408103,2024-05-01,2014-03-01,11,23866529.2,2273560.2,2025-10-30,2013-12-18
https://platform.beauhurst.com/company/hqhrmt/,ALL.SPACE,4,4720588,829437,2025-10-26,2018-01-01,9,138295765.81,33000000.0,2023-07-05,2016-03-04
https://platform.beauhurst.com/company/yts8yc/,MDNX,0,,,,,0,,,,
https://platform.beauhurst.com/company/vevpsv/,Argyll Scott,0,,,,,0,,,,
https://platform.beauhurst.com/company/08823367/,Dreamlifts Limited,0,,,,,,,,,
https://platform.beauhurst.com/company/08858609/,Farrago Design Ltd,0,,,,,,,,,
https://platform.beauhurst.com/company/08946780/,Raine Advisors Limited,0,,,,,,,,,
https://platform.beauhurst.com/company/nzcuz5/,Welcomm,0,,,,,0,,,,
https://platform.beauhurst.com/company/09058868/,Virgin Media Mobile Finance Limited,0,,,,,,,,,
https://platform.beauhurst.com/company/09079368/,Sama Telecom Ltd,0,,,,,,,,,
https://platform.beauhurst.com/company/js36yz/,XLN Telecom,0,,,,,0,,,,
https://platform.beauhurst.com/company/09093331/,Oxford Science Enterprises PLC,0,,,,,,,,,
https://platform.beauhurst.com/company/09127663/,Glow Financial Services Limited,0,,,,,,,,,
https://platform.beauhurst.com/company/09162741/,Jet Comms Group Holdings Limited,0,,,,,,,,,
https://platform.beauhurst.com/company/zzdpc5/,Ice Comms,0,,,,,0,,,,
https://platform.beauhurst.com/company/ug52c2/,Dendra Systems,3,15000,5000,2015-11-01,2015-02-01,6,32916033.87,12500000.0,2024-05-08,2015-12-22
https://platform.beauhurst.com/company/btpwav/,Satellite Solutions Worldwide Group,0,,,,,0,,,,
https://platform.beauhurst.com/company/rk3a2s/,G Comms,0,,,,,0,,,,
https://platform.beauhurst.com/company/09274116/,Power and Infrastructure Resourcing Ltd,0,,,,,,,,,
https://platform.beauhurst.com/company/jana39/,Exchange Communications,0,,,,,0,,,,
https://platform.beauhurst.com/company/09296360/,Rightech Solutions Ltd,0,,,,,,,,,
https://platform.beauhurst.com/company/hidg8d/,Concilium Search,0,,,,,1,(no value),(no value),2019-05-14,2019-05-14
https://platform.beauhurst.com/company/09347564/,Telelink (UK) Limited,0,,,,,,,,,
https://platform.beauhurst.com/company/zhkugp/,Online Systems,0,,,,,1,10000.0,10000.0,2020-09-30,2020-09-30
https://platform.beauhurst.com/company/9agsx2/,Telecoms World,0,,,,,0,,,,
https://platform.beauhurst.com/company/teh76p/,Zegona,0,,,,,0,,,,
https://platform.beauhurst.com/company/09404540/,Power Poles Limited,0,,,,,,,,,
https://platform.beauhurst.com/company/v2c8em/,LenderWize,0,,,,,8,3446204.63,125290.91,2023-06-25,2017-02-22
https://platform.beauhurst.com/company/zv88dt/,OneWeb,5,18152937,127617,2019-11-01,2008-11-01,1,940531332.48,940531332.48,2019-03-18,2019-03-18
https://platform.beauhurst.com/company/fmi5w7/,Cerillion,0,,,,,0,,,,
https://platform.beauhurst.com/company/25mmip/,MPE,0,,,,,0,,,,
https://platform.beauhurst.com/company/09540923/,Cannon Capital Developments Limited,0,,,,,,,,,
https://platform.beauhurst.com/company/09585068/,Croft Communications Limited,0,,,,,,,,,
https://platform.beauhurst.com/company/ui7v6y/,Focal Point Positioning,2,744452,739452,2022-11-18,2015-11-01,9,41185211.75,3547239.36,2026-01-30,2015-09-14
https://platform.beauhurst.com/company/np45xi/,Shields,0,,,,,0,,,,
https://platform.beauhurst.com/company/4sq5mb/,Billsby,0,,,,,7,6877938.03,2819032.5,2022-11-14,2016-01-20
https://platform.beauhurst.com/company/bv3wuz/,Nebula,0,,,,,5,4899999.81,(no value),2021-08-25,2016-03-14
https://platform.beauhurst.com/company/jh2tqy/,Open Cosmos,9,5541303,(no value),2025-09-30,2016-09-01,4,45396695.13,40028019.61,2023-09-12,2015-10-30
https://platform.beauhurst.com/company/09746075/,Rochester Utilities Limited,0,,,,,,,,,
https://platform.beauhurst.com/company/09802468/,The Stone Family Foundation,0,,,,,,,,,
https://platform.beauhurst.com/company/ru6wfe/,Clear Business,0,,,,,0,,,,
https://platform.beauhurst.com/company/09812157/,Ustwo Games Ltd,0,,,,,,,,,
https://platform.beauhurst.com/company/09843189/,PLDTS International Carrier Ltd,0,,,,,,,,,
https://platform.beauhurst.com/company/y73nd8/,CSL Business Machines,0,,,,,0,,,,
https://platform.beauhurst.com/company/09909999/,Cable & Wireless Communications Limited,0,,,,,,,,,
https://platform.beauhurst.com/company/kp7xdd/,Heneghans,0,,,,,0,,,,
https://platform.beauhurst.com/company/tp9m3q/,SatixFy,1,1800000,1800000,2025-03-05,2025-03-05,2,20423001.2,(no value),2017-05-04,2016-11-01
https://platform.beauhurst.com/company/10039551/,Exagon Industries Limited,0,,,,,,,,,
https://platform.beauhurst.com/company/10081803/,Alaris Investment Holdings UK Limited,0,,,,,,,,,
https://platform.beauhurst.com/company/zgiey2/,Ruby Energy,0,,,,,0,,,,
https://platform.beauhurst.com/company/4qu7xx/,SatVu,3,2398877,(no value),2022-10-01,2021-04-22,5,71300000.0,30000000.0,2025-07-02,2021-04-22
https://platform.beauhurst.com/company/txfkem/,John Henry Group,0,,,,,1,23300000.0,23300000.0,2016-06-07,2016-06-07
https://platform.beauhurst.com/company/cttc3v/,Henlow Recruitment Group,0,,,,,0,,,,
https://platform.beauhurst.com/company/vb2nfx/,G3 Comms,0,,,,,0,,,,
https://platform.beauhurst.com/company/10412782/,Feldberg Capital UK Limited,0,,,,,,,,,
https://platform.beauhurst.com/company/10479840/,Eden Retirement Living Ltd,0,,,,,,,,,
https://platform.beauhurst.com/company/10528495/,Gl Telecoms Limited,0,,,,,,,,,
https://platform.beauhurst.com/company/mr465k/,Cloud Direct,2,339397,99397,2020-11-01,2014-02-28,5,8471438.15,3000000.0,2021-09-22,2014-06-25
https://platform.beauhurst.com/company/ankt5y/,Xtera,0,,,,,0,,,,
https://platform.beauhurst.com/company/b8ayt9/,Convergence Group,0,,,,,0,,,,
https://platform.beauhurst.com/company/auje9u/,Pelatro,0,,,,,0,,,,
https://platform.beauhurst.com/company/10637955/,Avenuebio Consulting Ltd.,0,,,,,,,,,
https://platform.beauhurst.com/company/nwmjtc/,Tristone Group,0,,,,,0,,,,
https://platform.beauhurst.com/company/ze2uzc/,Astroscale,1,1504189,1504189,2018-01-01,2018-01-01,,,,,
https://platform.beauhurst.com/company/10755797/,Argyle Satellite Ltd,0,,,,,,,,,
https://platform.beauhurst.com/company/10789663/,Menomadin Limited,0,,,,,,,,,
https://platform.beauhurst.com/company/z5rcum/,Excell Group,0,,,,,0,,,,
https://platform.beauhurst.com/company/ts44mx/,aql,1,(no value),(no value),2024-03-08,2024-03-08,0,,,,
https://platform.beauhurst.com/company/cfjuyy/,Comparison Technologies,0,,,,,0,,,,
https://platform.beauhurst.com/company/wk45pf/,Topdach,0,,,,,0,,,,
https://platform.beauhurst.com/company/vnc6b5/,Fast2Fibre,2,1098032,143244,2020-10-01,2016-11-01,7,6768110.66,258000.0,2023-06-15,2015-04-01
https://platform.beauhurst.com/company/11118162/,Virgin Media Operations Limited,0,,,,,,,,,
https://platform.beauhurst.com/company/11119448/,Bloc Ventures Limited,0,,,,,,,,,
https://platform.beauhurst.com/company/11149832/,Redburn Utilities Ltd,0,,,,,,,,,
https://platform.beauhurst.com/company/11171831/,Syncora Limited,0,,,,,,,,,
https://platform.beauhurst.com/company/jcm9dn/,adi Group,1,89976,89976,2013-09-01,2013-09-01,0,,,,
https://platform.beauhurst.com/company/11191992/,Global Cement and Concrete Association,0,,,,,,,,,
https://platform.beauhurst.com/company/53zfex/,WHP Telecoms,0,,,,,2,19000000.0,16000000.0,2015-09-08,2013-06-27
https://platform.beauhurst.com/company/11211072/,Topcon Positioning (Great Britain) Limited,0,,,,,,,,,
https://platform.beauhurst.com/company/11214602/,FC CB Limited,0,,,,,,,,,
https://platform.beauhurst.com/company/4zdekn/,QDOS-sbl,0,,,,,0,,,,
https://platform.beauhurst.com/company/pu398a/,Goonhilly Earth Station,8,10636713,1600000,2025-11-21,2012-01-13,2,24678720.0,24000000.0,2018-05-13,2017-02-10
https://platform.beauhurst.com/company/11403074/,Standard Cableteam UK Ltd.,0,,,,,,,,,
https://platform.beauhurst.com/company/i7qbhr/,EMV Capital PLC,0,,,,,0,,,,
https://platform.beauhurst.com/company/kyzerg/,International Bulk Liquids,0,,,,,0,,,,
https://platform.beauhurst.com/company/tfnmct/,Aerial Direct,0,,,,,0,,,,
https://platform.beauhurst.com/company/9eefz6/,Airtel Africa,0,,,,,0,,,,
https://platform.beauhurst.com/company/8ydjru/,Challenger Mobile Communications,0,,,,,0,,,,
https://platform.beauhurst.com/company/bjrxbw/,Rapid Response Telecoms,0,,,,,0,,,,
https://platform.beauhurst.com/company/8pez8z/,F&W Networks,0,,,,,5,125389399.54,16851940.0,2025-07-28,2022-07-05
https://platform.beauhurst.com/company/er3r3f/,Space Forge,9,18800772,10000000,2026-06-10,2020-05-01,4,30654944.6,22600000.0,2024-06-18,2020-05-20
https://platform.beauhurst.com/company/gtuv4z/,CamGraPhIC,1,182761518,182761518,2026-04-24,2026-04-24,5,25323699.52,21080004.52,2025-03-11,2021-08-30
https://platform.beauhurst.com/company/xmsks2/,Indigo,0,,,,,1,(no value),(no value),2019-01-07,2019-01-07
https://platform.beauhurst.com/company/nmu3qj/,Makehappen Group,0,,,,,0,,,,
https://platform.beauhurst.com/company/11765150/,Railsite Telecom Limited,0,,,,,,,,,
https://platform.beauhurst.com/company/957yuk/,FluidOne,0,,,,,0,,,,
https://platform.beauhurst.com/company/11892886/,Pollination Capital Partners Limited,0,,,,,,,,,
https://platform.beauhurst.com/company/11913117/,MSL Cabling Limited,0,,,,,,,,,
https://platform.beauhurst.com/company/12070010/,The Nano Park Company Limited,0,,,,,,,,,
https://platform.beauhurst.com/company/dqftyx/,Jorvik Design Group,0,,,,,0,,,,
https://platform.beauhurst.com/company/12101512/,Enreach Holdings Ltd,0,,,,,,,,,
https://platform.beauhurst.com/company/famb3e/,Telecom Acquisitions,0,,,,,0,,,,
https://platform.beauhurst.com/company/92hpkp/,Network Plus,0,,,,,0,,,,
https://platform.beauhurst.com/company/12134421/,Falcon Education Academies Trust,0,,,,,,,,,
https://platform.beauhurst.com/company/mhzm9w/,Kid-A,0,,,,,0,,,,
https://platform.beauhurst.com/company/12291050/,M Group (Plant & Fleet Solutions) Limited,0,,,,,,,,,
https://platform.beauhurst.com/company/y3swwf/,Vivio,0,,,,,0,,,,
https://platform.beauhurst.com/company/xqa23r/,ITS Technology Group,0,,,,,5,107242008.31,100000000.0,2022-04-25,2016-04-29
https://platform.beauhurst.com/company/12405519/,PPCP Limited,0,,,,,,,,,
https://platform.beauhurst.com/company/12474078/,Growval International Limited,0,,,,,,,,,
https://platform.beauhurst.com/company/12495874/,Fibersat Ltd,0,,,,,,,,,
https://platform.beauhurst.com/company/12520620/,Mandashi Limited,0,,,,,,,,,
https://platform.beauhurst.com/company/12539876/,Telenco UK Limited,0,,,,,,,,,
https://platform.beauhurst.com/company/12580944/,Vmed O2 UK Limited,0,,,,,,,,,
https://platform.beauhurst.com/company/12657712/,General Electric Company Ltd,0,,,,,,,,,
https://platform.beauhurst.com/company/12831439/,Campfire Equipment Rentals Limited,0,,,,,,,,,
https://platform.beauhurst.com/company/djvya9/,Harrelli Communications,0,,,,,0,,,,
https://platform.beauhurst.com/company/z96jpy/,Talktalk Telecom Limited,0,,,,,0,,,,
https://platform.beauhurst.com/company/12980683/,Monty Mobile Limited,0,,,,,,,,,
https://platform.beauhurst.com/company/5jnsdy/,Wunder,0,,,,,1,525000.0,525000.0,2022-10-14,2022-10-14
https://platform.beauhurst.com/company/7kfjcv/,Giacom,0,,,,,0,,,,
https://platform.beauhurst.com/company/13008318/,Cpec Tech Ltd,0,,,,,,,,,
https://platform.beauhurst.com/company/m788gt/,Everything Tech Group,0,,,,,3,10000000.0,(no value),2025-02-27,2022-02-16
https://platform.beauhurst.com/company/13132971/,FTTX and Energy Warehouse Limited,0,,,,,,,,,
https://platform.beauhurst.com/company/13150446/,Vitrifi Limited,0,,,,,,,,,
https://platform.beauhurst.com/company/499sjh/,Wavenet,0,,,,,0,,,,
https://platform.beauhurst.com/company/13177464/,Real Contracting Group Limited,0,,,,,,,,,
https://platform.beauhurst.com/company/13404543/,Array Telecom Limited,0,,,,,,,,,
https://platform.beauhurst.com/company/13433533/,Vea Group Limited,0,,,,,,,,,
https://platform.beauhurst.com/company/fpq3t8/,SCG Connected,0,,,,,3,42200000.0,36000000.0,2016-06-08,2013-04-24
https://platform.beauhurst.com/company/ry3bfz/,Silicon Microgravity,12,2462114,384124,2024-07-01,2016-01-01,6,20536991.74,6000000.0,2026-02-02,2016-02-29
https://platform.beauhurst.com/company/13660231/,Banyan Software UK Limited,0,,,,,,,,,
https://platform.beauhurst.com/company/aht3xd/,AST Networks,0,,,,,0,,,,
https://platform.beauhurst.com/company/ueh6mt/,Avove,0,,,,,0,,,,
https://platform.beauhurst.com/company/13863638/,C.A. Telecom UK Holdings Limited,0,,,,,,,,,
https://platform.beauhurst.com/company/m877ic/,Sepura,1,(no value),(no value),2008-06-01,2008-06-01,0,,,,
https://platform.beauhurst.com/company/qreuac/,Online Support,0,,,,,0,,,,
https://platform.beauhurst.com/company/peuctw/,Analysys Mason,0,,,,,2,221965.42,155352.3,2025-06-18,2023-12-15
https://platform.beauhurst.com/company/pz77w8/,Bionic,0,,,,,1,(no value),(no value),2017-10-17,2017-10-17
https://platform.beauhurst.com/company/kbvv22/,Treefera,0,,,,,3,34235906.51,22932273.35,2025-04-11,2023-09-13
https://platform.beauhurst.com/company/3d834x/,Positive Change Group,0,,,,,0,,,,
https://platform.beauhurst.com/company/14333677/,Social Impact Enterprises Ltd,0,,,,,,,,,
https://platform.beauhurst.com/company/xs7bra/,Talk Straight Group,0,,,,,0,,,,
https://platform.beauhurst.com/company/mpiei2/,PBU (UK),0,,,,,0,,,,
https://platform.beauhurst.com/company/t854h4/,TXO Systems,0,,,,,2,36101644.0,32101644.0,2023-12-18,2014-02-25
https://platform.beauhurst.com/company/rbkewp/,Aurora,0,,,,,1,2000000.0,2000000.0,2017-03-16,2017-03-16
https://platform.beauhurst.com/company/15021457/,ZOIKO Telecom Ltd,0,,,,,,,,,
https://platform.beauhurst.com/company/15140718/,Latticeflow UK Ltd,0,,,,,,,,,
https://platform.beauhurst.com/company/hiaw7x/,Euromoney,0,,,,,0,,,,
https://platform.beauhurst.com/company/9yu6br/,Flint International,0,,,,,0,,,,
https://platform.beauhurst.com/company/15364581/,Vodafone Iot UK Limited,0,,,,,,,,,
https://platform.beauhurst.com/company/srv6p9/,Acumen Media,0,,,,,0,,,,
https://platform.beauhurst.com/company/yk9xjk/,Vanda,0,,,,,1,6809878.56,6809878.56,2025-12-24,2025-12-24
https://platform.beauhurst.com/company/nkncux/,Comms365,2,74139,(no value),2021-03-09,2021-01-01,0,,,,
https://platform.beauhurst.com/company/krdrjs/,FDMUK,0,,,,,0,,,,
https://platform.beauhurst.com/company/15746854/,"80,000 Hours Limited",0,,,,,,,,,
https://platform.beauhurst.com/company/9wadui/,Direct Business Solutions,0,,,,,0,,,,
https://platform.beauhurst.com/company/f2qt98/,Positive Support Group,0,,,,,0,,,,
https://platform.beauhurst.com/company/FC016317/,Vtech Holdings Limited,0,,,,,,,,,
https://platform.beauhurst.com/company/FC018023/,Ashanti Goldfields Company Limited,0,,,,,,,,,
https://platform.beauhurst.com/company/FC019401/,Elec & Eltek International (Hong Kong) Limited,0,,,,,,,,,
https://platform.beauhurst.com/company/FC019495/,E & E Magnetic Products Limited,0,,,,,,,,,
https://platform.beauhurst.com/company/FC023006/,Comviva Technologies Ltd,0,,,,,,,,,
https://platform.beauhurst.com/company/FC033123/,Snom Technology GMBH,0,,,,,,,,,
https://platform.beauhurst.com/company/FC034657/,Halo Technology Midco Limited,0,,,,,,,,,
https://platform.beauhurst.com/company/FC040637/,RMG Acquisition Corporation II,0,,,,,,,,,
https://platform.beauhurst.com/company/NF002549/,British Telecommunications PLC,0,,,,,,,,,
https://platform.beauhurst.com/company/NI029849/,Positive Futures: Achieving Dreams. Transforming Lives.,0,,,,,,,,,
https://platform.beauhurst.com/company/9rsukf/,ASEE,0,,,,,0,,,,
https://platform.beauhurst.com/company/NI058186/,Wateresq Limited,0,,,,,,,,,
https://platform.beauhurst.com/company/byyb4x/,Quadrant,0,,,,,0,,,,
https://platform.beauhurst.com/company/kzd8mc/,Connect Total Communications,0,,,,,0,,,,
https://platform.beauhurst.com/company/NI069142/,GSJ 1959,0,,,,,,,,,
https://platform.beauhurst.com/company/NI605731/,Ancore Services Ltd,0,,,,,,,,,
https://platform.beauhurst.com/company/NI606408/,Actavo (Northern Ireland) Limited,0,,,,,,,,,
https://platform.beauhurst.com/company/hpvin4/,Charles Brand,0,,,,,0,,,,
https://platform.beauhurst.com/company/dng49z/,M & M Contractors,0,,,,,0,,,,
https://platform.beauhurst.com/company/NI620995/,GCU (UK) Limited,0,,,,,,,,,
https://platform.beauhurst.com/company/tmamgr/,Barclay Communications,0,,,,,0,,,,
https://platform.beauhurst.com/company/xruwjp/,VANRATH,0,,,,,0,,,,
https://platform.beauhurst.com/company/miyjdw/,Cubis Systems,2,462784,(no value),2025-03-01,2022-02-01,0,,,,
https://platform.beauhurst.com/company/OC317647/,River Global Investors LLP,0,,,,,,,,,
https://platform.beauhurst.com/company/OC343710/,Ampito Group LLP,0,,,,,,,,,
https://platform.beauhurst.com/company/OC388189/,Trade Union Legal LLP,0,,,,,,,,,
https://platform.beauhurst.com/company/OC402545/,Growth Partner LLP,0,,,,,,,,,
https://platform.beauhurst.com/company/2xxjpd/,Emtelle,0,,,,,0,,,,
https://platform.beauhurst.com/company/SC093192/,Ssf Shetland Limited,0,,,,,,,,,
https://platform.beauhurst.com/company/SC104949/,Teleplan Forsberg Limited,0,,,,,,,,,
https://platform.beauhurst.com/company/vfbwgq/,HighNet,0,,,,,0,,,,
https://platform.beauhurst.com/company/ru98qz/,TMM Recruitment,0,,,,,1,31649.76,31649.76,2011-09-15,2011-09-15
https://platform.beauhurst.com/company/SC194770/,GB Technologies Ltd,0,,,,,,,,,
https://platform.beauhurst.com/company/ci3pmf/,Abica,0,,,,,0,,,,
https://platform.beauhurst.com/company/SC213457/,Neos Networks Limited,0,,,,,,,,,
https://platform.beauhurst.com/company/s8yxac/,C-Plan,0,,,,,0,,,,
https://platform.beauhurst.com/company/iwh8p9/,Veropath,0,,,,,7,6806097.59,113703.36,2017-10-04,2009-10-30
https://platform.beauhurst.com/company/i4vi2i/,Touch Bionics,3,1485000,1350000,2018-01-22,2003-07-06,7,6641275.16,2503500.16,2014-05-31,2003-07-06
https://platform.beauhurst.com/company/SC266233/,Global Underwater HUB Limited,0,,,,,,,,,
https://platform.beauhurst.com/company/hngq2w/,Clyde Space,14,1506338,17903,2018-04-01,2009-07-01,3,1120000.0,100000.0,2014-04-30,2010-12-15
https://platform.beauhurst.com/company/87skca/,Mono Consultants,0,,,,,2,7000000.0,7000000.0,2014-02-28,2011-08-31
https://platform.beauhurst.com/company/3nqmun/,HF Group,1,(no value),(no value),2026-05-01,2026-05-01,0,,,,
https://platform.beauhurst.com/company/x3ef6q/,Radio Design,1,140045,140045,2023-07-10,2023-07-10,0,,,,
https://platform.beauhurst.com/company/448u8b/,Sensewhere,3,3478898,1439449,2016-08-26,2012-05-16,5,8909972.93,6410256.06,2015-08-15,2010-08-01
https://platform.beauhurst.com/company/bwa77g/,Veripos,1,(no value),(no value),2014-09-01,2014-09-01,,,,,
https://platform.beauhurst.com/company/f4r754/,23 Degrees Renewables,0,,,,,0,,,,
https://platform.beauhurst.com/company/xifdia/,Sofant Technologies,7,8259973,6244739,2021-11-04,2012-06-04,23,31015884.51,1302038.0,2026-06-30,2012-09-13
https://platform.beauhurst.com/company/sw5m73/,Astrosat,4,1689978,269033,2020-10-01,2014-04-01,1,100000.0,100000.0,2020-08-31,2020-08-31
https://platform.beauhurst.com/company/kww9tu/,Synaptec,11,2602551,829220,2023-02-08,2014-03-31,8,13280622.57,906498.0,2025-11-28,2015-02-11
https://platform.beauhurst.com/company/SC492820/,Clarus Networks Limited,0,,,,,,,,,
https://platform.beauhurst.com/company/m3ap5h/,Lumacron Technology,2,1439900,719950,2017-08-07,2017-07-28,1,75000.0,75000.0,2015-07-15,2015-07-15
https://platform.beauhurst.com/company/qz647n/,GB Technologies,0,,,,,0,,,,
https://platform.beauhurst.com/company/x7mzy6/,SaxaVord UK Spaceport,1,378000,378000,2022-12-14,2022-12-14,7,39948087.91,9191611.92,2024-09-30,2020-02-19
https://platform.beauhurst.com/company/dvajkh/,Skyrora,2,3032504,445606,2023-01-01,2021-03-24,3,15060000.0,(no value),2025-11-04,2020-05-20
https://platform.beauhurst.com/company/ts44mg/,Space Intelligence,3,87693,3000,2021-02-18,2020-10-01,3,6967421.19,1000000.32,2026-01-26,2022-12-08
https://platform.beauhurst.com/company/SC659125/,Gaeltec Utilities UK Limited,0,,,,,,,,,
https://platform.beauhurst.com/company/SC752734/,Delta Blue Unicorns Cic,0,,,,,,,,,
https://platform.beauhurst.com/company/9muc8z/,Kick ICT,0,,,,,2,18564118.02,10054064.02,2023-12-23,2021-11-04
